{
    "thumbnailImageUrl": "assets/img/tapa-screenshot.png",
    "externalResources": [
        {
            "type": "css",
            "context": "mantle",
            "url": "assets/css/mantle-context.css"
        },
        {
            "type": "js",
            "context": "mantle",
            "url": "assets/js/mantle-context.js"
        },
        {
            "type": "js",
            "context": "mantle",
            "url": "assets/js/welcome-redirect.js"
        }
    ],
    "textTags": [
        {
            "tag": "STATIC_RIGHT_HEADER_TEXT",
            "value": "Business Intelligence Portal"
        },
        {
            "tag": "STATIC_LOGIN_TEXT",
            "value": "Please enter your credentials"
        },
        {
            "tag": "STATIC_USERNAME_PLACEHOLDER",
            "value": "Username"
        },
        {
            "tag": "STATIC_PASSWORD_PLACEHOLDER",
            "value": "Password"
        },
        {
            "tag": "STATIC_BASED_TEXT",
            "value": "Based on"
        },
        {
            "tag": "STATIC_BROUGHT_BY_TEXT",
            "value": "Brought to you by"
        },
        {
            "tag": "LOGIN_TEXT",
            "value": "Login"
        }
    ]
}
