<?xml version="1.0" encoding="UTF-8"?>
<cpk>
    <elementTypes defaultElement="main">
        <elementType name="Dashboard" class="pt.webdetails.cpk.elements.impl.DashboardElement">
            <elementLocations>
                <elementLocation path="dashboards/admin" isRecursive="true" pattern=".*\.wcdf" adminOnly="true"/>
                <elementLocation path="dashboards/" isRecursive="true" pattern=".*\.wcdf" adminOnly="false"/>
            </elementLocations>
        </elementType>
        <elementType name="Kettle" class="pt.webdetails.cpk.elements.impl.KettleJobElement">
            <elementLocations>
                <elementLocation path="endpoints/kettle/admin" isRecursive="true" pattern=".*\.kjb" adminOnly="true"/>
                <elementLocation path="endpoints/kettle/" isRecursive="true" pattern=".*\.kjb" adminOnly="false"/>
            </elementLocations>
        </elementType>
        <elementType name="Kettle" class="pt.webdetails.cpk.elements.impl.KettleTransformationElement">
            <elementLocations>
                <elementLocation path="endpoints/kettle/admin" isRecursive="true" pattern=".*\.ktr" adminOnly="true"/>
                <elementLocation path="endpoints/kettle/" isRecursive="true" pattern=".*\.ktr" adminOnly="false"/>
            </elementLocations>
        </elementType>
    </elementTypes> 
    <info>
        <CPK_version>5</CPK_version>
        <description>A plugin to manage Login templates and other layout changes into PUC</description>
        <name>Tapa</name>
        <author_email>marcello@oncase.com.br</author_email>
        <author_name>@marpontes</author_name>
        <company_name>Oncase</company_name>
        <company_url>http://onca.se</company_url>
        <creation_date>2014-11-26</creation_date>
        <version>0.3.1</version>
    </info>
</cpk> 
