<?xml version="1.0" encoding="UTF-8"?>
<beans xmlns="http://www.springframework.org/schema/beans" xmlns:context="http://www.springframework.org/schema/context"
       xmlns:xsi="http://www.w3.org/2001/XMLSchema-instance" xmlns:ws="http://jax-ws.dev.java.net/spring/core"
       xmlns:wss="http://jax-ws.dev.java.net/spring/servlet"
       xmlns:pen="http://www.pentaho.com/schema/pentaho-system"
       xsi:schemaLocation="http://www.springframework.org/schema/beans http://www.springframework.org/schema/beans/spring-beans-2.5.xsd
                           http://www.springframework.org/schema/context http://www.springframework.org/schema/context/spring-context-2.5.xsd
                           http://www.springframework.org/schema/util http://www.springframework.org/schema/util/spring-util-2.5.xsd
                           http://jax-ws.dev.java.net/spring/core http://jax-ws.dev.java.net/spring/core.xsd
                           http://jax-ws.dev.java.net/spring/servlet http://jax-ws.dev.java.net/spring/servlet.xsd
                           http://www.pentaho.com/schema/pentaho-system http://www.pentaho.com/schema/pentaho-system.xsd">
    <context:annotation-config/>
    <!-- REST resources -->
    <bean id="api" class="org.pentaho.platform.web.servlet.JAXRSPluginServlet"/>
    <bean id="tapa.api" class="pt.webdetails.cpk.CpkApi"/>
    <bean id="tapa.uploader.api" class="com.oncase.biserver.ws.UploaderREST"/>
    <bean id="tapa.render.api" class="com.oncase.tapa.ws.TapaApi">
    <property name="factory">
      <ref local="tapaTemplateFactory" />
    </property>
    </bean>

    <!--  Content Generator  -->
    <!-- <bean id="cpk" class="pt.webdetails.cpk.CpkContentGenerator" scope="prototype"/> -->

    <bean class="oncas.biserver.security.helper.URLExposer">
      <property name="filterChainUrlPattern" value="/content/tapa/resources/templates/*/assets/**" />
      <property name="interceptorDefifnintion">
        <value>
          <![CDATA[
CONVERT_URL_TO_LOWERCASE_BEFORE_COMPARISON
\A/content/tapa/resources/templates/([\w\-\_]+)/assets/.*\Z=Anonymous,Authenticated
\A/.*\Z=Authenticated]]>
        </value>
      </property>
    </bean>

    <bean class="org.pentaho.platform.engine.core.system.objfac.spring.ApplicationContextPentahoSystemRegisterer" scope="singleton"/>
    <bean id="tapaTemplateFactory" class="com.oncase.tapa.engine.TapaTemplateFactory">
      <pen:publish as-type="CLASSES">
      </pen:publish>
    </bean>

</beans>
